order_id,refunded_at,reason
d68f472c-a23d-4cbf-a40a-2454b4f3227e,2024-09-08T14:56:00,duplicate charge
a325c071-9f92-490e-826a-e6635bc671f8,2024-09-08T11:46:00,late delivery
834c86cb-2afc-4cb7-8f67-5e481c622efa,2024-09-07T12:42:00,quality complaint
b8b1a1d7-e7d7-43a4-81cc-1f9a54f29f1e,2024-09-09T14:44:00,duplicate charge
92bb4d7e-b37f-4e9e-9655-3b398161273d,2024-09-15T07:01:00,duplicate charge
97307a39-16e8-415b-9d99-b3c7e795454f,2024-09-13T10:19:00,duplicate charge
4c31530e-c75e-48a0-9a27-127d01f8035c,2024-09-22T07:43:00,duplicate charge
8fe5714c-2a06-45da-ad9e-3f775062d7eb,2024-09-27T13:37:00,quality complaint
c457b88a-61d0-4367-8607-b3fbe2e25cf0,2024-09-23T07:59:00,late delivery
c88c39eb-fdbe-45be-86de-488e5f72217e,2024-09-24T10:27:00,late delivery
b0e125b9-b49e-43d3-a0ba-f04e810b8f4c,2024-09-30T17:27:00,duplicate charge
0d053ffa-8e0e-49bd-869f-606fa7a42ce1,2024-09-30T08:55:00,late delivery
04b79115-0cdd-4d89-a194-ad7baf6ee5b5,2024-09-29T17:27:00,wrong item
0bae633a-6443-443b-aae9-a1c307e95b22,2024-09-29T07:00:00,quality complaint
bf489c6e-a5b0-4323-8e9e-483c97fbc6f0,2024-09-27T16:52:00,duplicate charge
471fc5ae-8ef8-462a-ae9b-2da6b9856dc2,2024-09-27T12:43:00,wrong item
043cdc70-cb38-4276-9723-d2a2f2bc3ee6,2024-10-05T11:47:00,late delivery
15f1cb71-8f9f-4cfe-8ef5-41bdac56fd41,2024-09-27T11:08:00,quality complaint
9c447878-29bb-4224-a846-da338d057bdd,2024-10-07T12:31:00,late delivery
a3ec6ede-979b-4021-ba91-17f39fbe4600,2024-10-09T15:29:00,wrong item
eab04732-2691-4005-8d25-56b61e372bfb,2024-10-11T13:23:00,quality complaint
dde6fe30-13c0-4883-9bb9-380b8c04c5e7,2024-10-11T15:07:00,late delivery
3b062366-2600-48cc-b54d-22b75c2fe3be,2024-10-07T15:41:00,wrong item
c7912716-0a78-4019-a280-6c11503f3c56,2024-10-07T16:43:00,wrong item
16bccac8-9e1d-4b57-9ada-4046e2621900,2024-10-14T12:39:00,quality complaint
0d2d1632-1c80-4ad9-82ed-23cf1ace1e07,2024-10-16T07:54:00,quality complaint
c4cbf67c-9b5d-4c48-83c4-2628ac68ea33,2024-10-10T14:01:00,late delivery
c76e3359-f718-4c72-af9f-ce9909010d67,2024-10-12T12:03:00,wrong item
ab2cca90-6ff3-4333-9a67-b988367c680e,2024-10-16T10:40:00,quality complaint
54d45828-a63a-49b3-b64e-a76d44f4780a,2024-10-14T10:42:00,duplicate charge
febf1fc4-4089-45cd-956d-31f640567ed0,2024-10-15T11:08:00,quality complaint
0d8af9fb-c545-40a1-a8da-5e4086e82745,2024-10-21T14:52:00,duplicate charge
027a8f24-9e73-4e2f-b2c8-fb28dab8cb57,2024-10-16T07:00:00,quality complaint
9b467910-9af7-4c8e-ba0a-9af83dac2e5c,2024-10-16T07:27:00,duplicate charge
497cdd59-de9d-4290-9344-a109b1e0fe4a,2024-10-21T15:12:00,duplicate charge
5c8efb4b-2431-4a82-936c-0f31f9242232,2024-10-21T07:43:00,duplicate charge
69ab1b1e-2b51-4f6d-8db6-c55ea60e4d6b,2024-10-23T09:39:00,wrong item
f6a59c2c-9b88-4d1b-80be-6beebf1a6825,2024-10-29T14:45:00,duplicate charge
b1527bf5-39ac-4d0e-b113-8ef385359aa4,2024-10-21T11:08:00,duplicate charge
f0a73fe6-bf9e-4bd6-ac94-488b8c572892,2024-11-04T11:22:00,wrong item
4489d85a-0113-4685-916e-7184feff7702,2024-11-04T07:53:00,wrong item
fd32eaa2-21d8-4c83-875e-e01177eff6fe,2024-10-30T08:36:00,late delivery
51fc2141-2bca-4a14-b54a-d688c822afa9,2024-10-28T08:29:00,wrong item
40123ce4-e626-47b5-afc8-98866e4282f3,2024-11-03T14:27:00,quality complaint
1e5b2094-0dcb-4086-8ff2-aba65d312f61,2024-10-29T08:17:00,wrong item
c8bf98c7-6476-4266-bf4c-24e5ad22084f,2024-11-06T15:25:00,duplicate charge
99260ede-d25b-4c9f-81f7-af731aa1d0e3,2024-11-02T07:39:00,quality complaint
7fcce7fc-a622-46ce-b659-c5c9306c6a59,2024-11-04T12:23:00,duplicate charge
ab2969b9-dac6-4d56-8cc4-fb9a7f5453a0,2024-11-02T12:57:00,duplicate charge
b3cd39d8-dd58-4a68-a11e-59d88ee69ac5,2024-11-03T10:12:00,wrong item
e28d01b9-f6ae-400e-833c-9cb1e78ab18e,2024-11-07T08:09:00,quality complaint
0236486a-de8e-49ff-abf4-a35ff48296a8,2024-11-11T16:14:00,duplicate charge
b0c6db71-82d0-42b9-bbb5-6226b94b9b09,2024-11-06T11:51:00,duplicate charge
3996ed1c-53ce-4037-a07d-e47e2a1b7fc2,2024-11-10T16:56:00,duplicate charge
5a9009f7-0d50-4b56-b384-c22b78a79ff1,2024-11-05T10:35:00,duplicate charge
32bcda72-12c3-471c-8a3b-93481a1dc427,2024-11-04T07:40:00,late delivery
931b50a3-12b0-4ba3-8a3d-279a0489e50d,2024-11-12T08:10:00,quality complaint
1bcf737c-ae95-4c73-b792-d0a0da65d4d8,2024-11-08T08:21:00,wrong item
8289d33c-2494-4529-8f5c-36d84bf87924,2024-11-11T14:50:00,wrong item
23031796-7065-42c2-998d-6a1076a704d1,2024-11-12T08:29:00,late delivery
62db31a4-e762-48bc-ac96-9e41c93939c5,2024-11-18T13:07:00,late delivery
5971bfee-7340-44ef-95a7-e46d39114997,2024-11-17T07:50:00,wrong item
816816f7-3610-47a0-be55-476eb114dfb2,2024-11-13T11:04:00,late delivery
bfd6b7a9-ca63-4385-a852-2596987bd7e8,2024-11-20T14:36:00,quality complaint
06b10412-bcc5-4e67-9bcd-0e4d94675ff5,2024-11-12T08:04:00,wrong item
ea8fc51e-c22f-4c89-a5eb-e925ad4af810,2024-11-14T17:17:00,quality complaint
b3896b59-2423-42e8-a7b1-bd73091ba454,2024-11-19T13:12:00,late delivery
6c741969-f34a-439d-bdb8-57ed8405b6da,2024-11-26T18:28:00,late delivery
adc6664f-d010-4dd1-a763-fb39d68c7cfc,2024-11-25T08:43:00,late delivery
bfa1e17c-1d53-4ec7-a6a4-29f5313c020b,2024-11-22T07:49:00,wrong item
7be01a9a-8293-4ae0-a0a1-92b340d06ab0,2024-11-29T11:00:00,late delivery
f12786ea-db79-4e15-abcd-74cdd90dcb55,2024-11-27T07:49:00,wrong item
cce5a3a0-00a2-4d1c-a5f0-ba90c3b3be34,2024-11-27T11:30:00,quality complaint
b99c2019-8a0a-4919-ba48-0b5f8f7a3897,2024-12-02T07:58:00,quality complaint
24fe28c2-17c2-4f8b-9d6b-e3cfc246ee2d,2024-12-02T12:59:00,quality complaint
b56b2fe4-a235-4d4a-8296-8c69dbde942a,2024-12-05T12:06:00,late delivery
3bfb0244-1621-4379-a9dc-550f371f826d,2024-12-04T14:54:00,late delivery
b7c2fb79-2eab-4c11-b156-30058da59602,2024-12-07T08:58:00,wrong item
9441d299-cf95-4051-b49e-71e5e8f2e422,2024-12-05T08:30:00,wrong item
299bdf6f-6b32-4296-a22c-0b4d4bc400c9,2024-12-10T12:29:00,quality complaint
915faa1d-3746-4e0c-beea-99254d8c9b79,2024-12-05T14:31:00,duplicate charge
6a3ffadf-76dc-431a-8830-85d3f7fb7cf0,2024-12-07T09:10:00,wrong item
7b41e96a-8048-4d6f-8bd7-98cea993306c,2024-12-03T15:59:00,wrong item
922c30d8-f8c9-4a9b-8662-ecf9c7321192,2024-12-06T07:20:00,late delivery
1c1a7ff9-4235-4afc-b7e3-263ebd06e545,2024-12-08T08:33:00,duplicate charge
dee306fa-1e51-472f-bed8-1b2fa3724649,2024-12-09T10:04:00,late delivery
321f0e63-1e49-474f-a45c-3f178bb22807,2024-12-08T08:56:00,late delivery
9e76cf2c-411a-45d3-becd-9dd844913467,2024-12-15T12:32:00,late delivery
fa114f6a-4f80-4b69-a988-67cdff7b537d,2024-12-08T08:05:00,wrong item
ee5b729d-2a1e-4add-965a-3b57fe73e117,2024-12-08T08:25:00,duplicate charge
87d79456-13a5-4e71-9c1f-68d8353e40ba,2024-12-14T14:40:00,quality complaint
f6906698-51d8-49e5-baa3-a324521e306a,2024-12-15T19:06:00,duplicate charge
e7da067c-d186-410f-9f65-1bf797291e69,2024-12-17T07:58:00,late delivery
3451722d-6dcf-4acb-ba05-e0cad1615e38,2024-12-12T13:06:00,quality complaint
1c2fe65c-0efa-4e67-8a63-068f1c77b337,2024-12-15T12:31:00,duplicate charge
19adec8f-abc6-4fe7-b23e-2aa4f84bcbdc,2024-12-20T12:48:00,wrong item
4837f9ef-dd58-481a-be1d-b7ab422688c8,2024-12-12T08:13:00,duplicate charge
377ee6be-54e5-4351-9150-321ab91c08d3,2024-12-20T12:38:00,quality complaint
14aa1ab8-6e42-4d34-9d91-35a6a1a524e0,2024-12-15T14:06:00,wrong item
90dd7faf-763b-469e-9e59-4ea40f732428,2024-12-20T08:13:00,quality complaint
fc7ee9bf-5d5e-4570-9465-229ada0b2c56,2024-12-20T10:53:00,quality complaint
57fd55a7-f568-475d-8be2-abb31923287b,2024-12-20T07:58:00,late delivery
d260a272-7df2-449c-a4d1-fa5f346e3085,2024-12-19T15:15:00,late delivery
5401814a-bc3f-4310-b5a7-93f427373ae7,2024-12-20T12:27:00,wrong item
908f45bd-10f0-435f-b566-49405e4bca69,2024-12-22T13:10:00,wrong item
92094d79-ee4e-4fd2-8487-60c0de7d49b5,2024-12-24T08:18:00,duplicate charge
8e6ddded-dccf-4d46-825c-447685abcb6c,2024-12-20T15:55:00,wrong item
b6a35ec7-7e07-4c21-bdbb-b81a063db6a0,2024-12-22T12:36:00,late delivery
d430f327-5fde-4b2f-9bd7-5e2071811956,2024-12-23T08:03:00,late delivery
dd99b7b2-9693-40cb-b1e5-959e96194d8b,2024-12-27T12:25:00,wrong item
752bc0c5-a336-4d94-9d1f-66ac06394ab1,2024-12-30T16:47:00,late delivery
5bfca737-59d1-4d15-8842-cfe159cdccd4,2024-12-24T08:07:00,quality complaint
73fdbebf-bcc9-4254-8502-633ed24b7913,2024-12-26T08:51:00,quality complaint
c6469c33-7cea-450d-9c93-c94e04cbb3ce,2024-12-24T16:11:00,quality complaint
af9552eb-d561-4d27-a2ec-6a48e7913ac5,2024-12-24T10:04:00,wrong item
a3dc22e5-dde4-4515-9ae9-ab67546e3633,2024-12-27T15:09:00,wrong item
2d6204f3-7c69-4b40-b829-7f839784c554,2025-01-05T14:40:00,quality complaint
02461959-816c-492d-aef7-54dea4361dda,2024-12-28T14:12:00,late delivery
5694b434-aab9-4a84-9fbd-96946b375f98,2024-12-31T16:01:00,late delivery
d265a707-48a1-4296-9c90-3de8d959e593,2025-01-04T08:31:00,wrong item
3d2999fd-d386-4cf8-8523-e08cf7c009b0,2024-12-30T09:15:00,late delivery
25ae2c4b-1507-4f59-b68b-ecc719cbba72,2025-01-07T07:58:00,quality complaint
b955b081-72a4-4977-992e-06e929d55479,2025-01-10T13:06:00,duplicate charge
9f84f433-f26d-4acf-b2af-43ed60b7594d,2025-01-12T13:29:00,quality complaint
1e3d272b-7706-43be-9aa6-5f7788e469b3,2025-01-04T11:30:00,wrong item
76203474-67c5-42e8-a5d9-27b7986728f0,2025-01-04T12:52:00,duplicate charge
1ede721a-69a1-48ba-bde9-3056c5e369c7,2025-01-07T13:39:00,duplicate charge
90e3f091-57fa-447d-abef-e09e48d57c24,2025-01-07T13:05:00,duplicate charge
64fbd6dc-0717-41b0-a2b9-fcc9acbb1a05,2025-01-11T17:56:00,quality complaint
75f22879-81cd-4305-ba4c-f4ffbae2f5ad,2025-01-13T08:45:00,late delivery
6d2e3f4c-bf31-4a30-91f6-5b1c487bbf7e,2025-01-09T10:13:00,late delivery
27e0b7e1-af7d-4de6-b80c-5d6c87ef0fbf,2025-01-08T17:20:00,late delivery
797ed95b-3d4f-4f6c-9b1c-0d7ed3bb8629,2025-01-09T14:51:00,duplicate charge
f67f2fdd-5045-4888-b959-97b448e8936d,2025-01-13T08:02:00,quality complaint
e74998a3-a651-410f-afb5-178eb155c309,2025-01-16T19:25:00,quality complaint
04d64310-3a7e-4410-90e3-9f2b863a337f,2025-01-11T13:58:00,duplicate charge
68d16369-11fb-401f-9628-3859a87d9ab9,2025-01-14T09:31:00,quality complaint
35d249f6-4776-4b00-9026-3c495325de16,2025-01-15T10:58:00,duplicate charge
095cb3d5-5434-4567-8f03-dda8c51ff442,2025-01-16T17:05:00,wrong item
2c8c80b3-c148-48eb-921b-3a501a98f441,2025-01-14T09:06:00,late delivery
d3879cf2-821e-4161-a9aa-631212538213,2025-01-17T08:10:00,quality complaint
2956bc16-0861-449c-9404-16dba6843946,2025-01-21T14:52:00,wrong item
d18ac13c-0ef0-47ff-a5b1-727214e75067,2025-01-16T12:05:00,late delivery
4ed62924-dbc9-40c3-b206-37d96147182d,2025-01-13T16:17:00,quality complaint
aae54ce8-5a14-4147-8f9f-04c37338cfa5,2025-01-17T16:22:00,late delivery
9d164348-3c48-41c7-8365-b9f066fb1366,2025-01-21T08:59:00,wrong item
f6901644-d9ab-4264-9eee-d56402f04064,2025-01-13T08:32:00,duplicate charge
fabbf8e0-d140-4115-a16f-fb0df49d87b0,2025-01-18T08:02:00,late delivery
2d083849-552b-4bd3-9237-8cd71327cafd,2025-01-17T12:58:00,late delivery
cd8d394a-e5d3-4545-b1c5-3ba75ccbe632,2025-01-17T07:53:00,duplicate charge
507f9b0c-97fd-46b3-a5d2-815822201310,2025-01-17T19:08:00,quality complaint
701679e2-d13d-4eb2-a866-5e700996b117,2025-01-26T08:05:00,quality complaint
7949ffdd-3110-456f-8006-d68394dc0a39,2025-01-21T07:50:00,duplicate charge
d12e6a4a-7602-4cd7-888b-e9c37906442e,2025-01-20T07:28:00,wrong item
6b916350-4b4c-406f-9f0f-8efcefadab3e,2025-01-20T14:54:00,quality complaint
3e6da096-f633-40c2-a8e8-90592564fc61,2025-01-26T08:00:00,late delivery
86ac5da6-d34e-4ded-9f54-5e54d8049921,2025-01-23T07:48:00,duplicate charge
8baa1253-5d67-43aa-9007-eade73431c08,2025-01-24T08:20:00,duplicate charge
65ccfc6d-87e9-41f5-8208-6ff018a05443,2025-01-24T13:12:00,late delivery
287cd7ff-7cc4-4ca5-926a-c9b5d3d8372a,2025-01-22T17:22:00,quality complaint
d0bdc404-c98b-433e-a23d-82af21ed66aa,2025-01-30T13:42:00,duplicate charge
2cf15a6a-a833-417e-887e-9951536bff7d,2025-01-30T10:09:00,wrong item
4278f442-3a0b-43a6-b3c6-bc51e3beaf8c,2025-01-30T12:57:00,quality complaint
460aaaa0-c284-4117-b934-432aba98ee5f,2025-01-31T08:07:00,duplicate charge
f01ada89-4fab-433f-8bfd-210b7837482d,2025-01-27T11:48:00,quality complaint
28b58cb2-86fa-4817-848b-e415e5cb1e9f,2025-01-29T13:35:00,duplicate charge
b159a79d-e283-44d9-a05e-7344fa58bbaf,2025-01-28T12:28:00,wrong item
226ae6ce-3774-4d66-9b0c-b928c54197a6,2025-01-31T12:24:00,quality complaint
f83cc56f-6aaa-4571-b02a-1f354313787d,2025-01-30T14:58:00,wrong item
dba33588-a870-4e70-9f82-757bae59669d,2025-01-28T08:09:00,quality complaint
a03f368a-fbfb-4a1e-835b-b8d758bb0ee0,2025-01-28T12:08:00,late delivery
cdad1498-bba2-45df-8131-7e95c1c3f7cf,2025-02-01T11:24:00,duplicate charge
4eb8e76c-162f-4256-b6bc-56698d2decc9,2025-02-03T16:55:00,wrong item
fb80745c-2c32-4132-8b1d-a6c782af0784,2025-02-05T12:14:00,duplicate charge
2b548a96-740b-43dd-9eaf-44fb3b84f2d6,2025-02-09T19:01:00,wrong item
7797c856-a80b-4166-b56f-389c4c556923,2025-02-05T07:48:00,late delivery
6bd1425e-42cf-4e5d-88b9-b9e1e05ed716,2025-02-08T15:53:00,quality complaint
d9328041-b17e-412a-b38a-c4e9c9ec7d8c,2025-02-09T17:59:00,late delivery
231cda88-febb-48a6-a006-510efdbd5582,2025-02-04T08:23:00,late delivery
d9cb3100-7f06-4bd2-86ee-9bd7088d829b,2025-02-07T16:19:00,wrong item
bc643279-4d61-4755-825c-6e8a9f622546,2025-02-05T11:16:00,duplicate charge
86f65b3a-f59a-4691-8984-355ef14b2ad3,2025-02-01T07:56:00,wrong item
61a8955e-4546-4aa7-94df-89a0d2cbcbc5,2025-02-04T12:36:00,quality complaint
7c858565-0a22-4dca-8fa4-901fc09f46d7,2025-02-10T08:13:00,duplicate charge
2d3addaa-d4e7-473a-8a64-413ed8f17410,2025-02-10T12:48:00,quality complaint
06180f0a-e7ed-4463-a7c7-dbb7f7e3024c,2025-02-02T16:18:00,wrong item
56414c60-e7c4-4187-8366-6186cbba13a9,2025-02-10T13:42:00,late delivery
4377ca2c-211b-471c-a273-a49e2f05df79,2025-02-04T15:31:00,duplicate charge
62624f0a-febe-439f-8f40-6527d9b9f5d4,2025-02-09T13:20:00,duplicate charge
8c1c3fac-79c6-4ab5-b101-a91e8e1d43c0,2025-02-04T13:41:00,wrong item
464e051f-e140-4b6e-9eb5-431aece35310,2025-02-11T07:38:00,late delivery
2a5fb0c1-8a9b-4aaa-ad7b-bc6870b219d7,2025-02-10T07:34:00,duplicate charge
917e774a-218d-4bbe-bad6-e49d932c226f,2025-02-08T13:24:00,duplicate charge
fd41b41a-16d8-4bdd-9dd1-0ea42d1b8a33,2025-02-07T07:00:00,quality complaint
2d2b152d-d765-4a96-9d5c-80589b44e7dc,2025-02-08T11:00:00,late delivery
b1f4f3cf-2c35-4f9f-825e-6b386e0e3c47,2025-02-15T16:05:00,late delivery
7a9e38a8-0286-4157-b216-e4aeeb87b35d,2025-02-09T15:45:00,wrong item
9c57ac83-60e8-4c4e-9d3d-564baf7d5744,2025-02-11T07:28:00,duplicate charge
8947091c-91a3-4426-9c4d-a4a6282e99a6,2025-02-13T12:00:00,wrong item
f4d5aff5-ef7f-4817-8194-3fef1afedfce,2025-02-11T12:02:00,late delivery
9707a690-216b-46a8-80eb-015af64f0d65,2025-02-17T07:31:00,wrong item
39ed813e-95da-482a-b9e1-8410d20ad4ac,2025-02-17T07:57:00,late delivery
546c7528-a83e-4b7e-99c8-3410eff7feb5,2025-02-15T17:37:00,duplicate charge
990de972-d32e-4cae-95ff-eb76fe7a84b4,2025-02-18T14:20:00,wrong item
229ebc89-a65b-4b29-a785-8c21b62ae8fb,2025-02-10T11:52:00,wrong item
8f42b89b-2fa8-476f-9fc0-d1344b506508,2025-02-12T07:37:00,late delivery
24766760-ff28-4294-b4f8-22ab0f587d0a,2025-02-16T08:18:00,wrong item
775190ad-e1e3-45d0-b3df-ce34a1db764f,2025-02-16T18:01:00,wrong item
ed215b6e-fa0a-4ab2-886e-375b4d2aa21e,2025-02-23T17:54:00,duplicate charge
0389774d-b767-47ed-af98-0ad9c54be265,2025-02-21T07:00:00,wrong item
e67091fe-40f6-44aa-8ebc-2d4160f527ab,2025-02-21T13:44:00,wrong item
02c03036-06bb-4934-a339-327a97c861ec,2025-02-20T12:51:00,duplicate charge
69d9249b-f3df-4d2c-8102-52e610264fd7,2025-02-23T07:54:00,late delivery
0b1fc5e4-2763-441e-a9e6-009f16c2d2c9,2025-02-17T15:13:00,quality complaint
b7f40fb6-954a-4077-a03b-2f33a98baece,2025-02-20T07:36:00,quality complaint
2fbc6021-ee85-4e80-961b-5bc8aafdfe3e,2025-02-23T10:00:00,duplicate charge
f4441573-d1b2-46b9-86f8-32c71b8e70df,2025-02-18T12:26:00,duplicate charge
31bdb228-0c20-40da-8695-22d869721525,2025-02-26T13:40:00,quality complaint
4e3940e4-1d93-407a-82d2-276e86bc43a0,2025-02-27T12:03:00,quality complaint
63ae0ecc-c292-44c0-b495-97a5ef55e521,2025-02-25T08:14:00,late delivery
ff26e48c-6ee2-44f3-b0e3-ea5a2b4c2b5a,2025-02-24T07:39:00,duplicate charge
61477d3f-c795-40a6-8237-45db299a089b,2025-03-01T12:24:00,quality complaint
a1fe9480-d2af-4be6-a619-abf2b7d85c00,2025-02-28T16:07:00,duplicate charge
b385c6a2-8df6-4a74-9cf4-5ed0c4365144,2025-02-24T13:28:00,late delivery
21562bab-3bbe-48b1-b24a-b0e0a21d05a8,2025-02-25T16:55:00,wrong item
928634aa-28e8-4cfe-b16d-daf1f27ddc4e,2025-03-03T19:19:00,duplicate charge
7f01b933-b5b6-4144-9d2a-0117de2617b6,2025-03-04T14:07:00,late delivery
8761a13d-e60f-4373-8386-948e21248a29,2025-02-26T07:00:00,wrong item
c34a9126-7255-4dd3-9f14-46d4be896104,2025-02-27T15:03:00,duplicate charge
cf003c43-a605-4755-936f-a133bf4841f2,2025-03-03T12:14:00,duplicate charge
c56b51cf-4e4b-4a7e-bd2c-b21b8399ced5,2025-02-26T08:00:00,quality complaint
3a67cb3b-0fd5-49bf-a13c-3400b45531b7,2025-02-27T13:59:00,quality complaint
bae8f2c1-b595-4ee3-ae8b-06a06660557f,2025-03-04T11:14:00,wrong item
8cd46b45-b8a6-4fbc-818b-ac535a5be9f3,2025-03-03T10:20:00,duplicate charge
d3a472a1-6848-4e11-ac96-d27d89cb593d,2025-03-01T11:59:00,wrong item
6140b822-094b-47a5-af57-10756360771a,2025-03-09T15:04:00,wrong item
ef39bbf1-cb05-4dd0-b221-01ff21b1c2e3,2025-03-05T08:26:00,late delivery
105dbdfd-856b-46f2-93f6-823160a12ac2,2025-03-05T08:08:00,quality complaint
dc3c715c-a5c8-4bed-936e-8435f72b9c9d,2025-03-08T11:32:00,quality complaint
182b6a9a-4188-474b-9bdb-4de48ab72b3b,2025-03-07T18:16:00,duplicate charge
deaa5400-aa41-40b7-b48d-4559912d36c7,2025-03-04T19:40:00,quality complaint
ac7401a9-4e9b-403f-b06c-7bad6303ea3f,2025-03-04T09:03:00,wrong item
e9f84185-e5e8-4562-8ab8-f595c1721d9d,2025-03-12T17:49:00,duplicate charge
e15c95e3-a660-442d-8e11-15aa0a303ea4,2025-03-08T14:10:00,wrong item
d6e42a5d-62c4-4de6-a757-c549a0a537f0,2025-03-10T14:31:00,late delivery
36210d53-8c85-43ab-a127-77f006407c3c,2025-03-11T10:32:00,quality complaint
161fb96e-d1e5-4c3a-ae02-4212a131d841,2025-03-12T08:00:00,late delivery
7160ef82-1810-4813-91b8-e1e59f4d6fe3,2025-03-10T08:03:00,quality complaint
7063d49a-f65b-42ca-80b2-0d853c93d84b,2025-03-13T16:53:00,wrong item
b1d9cdd6-38d3-4d00-baec-0704f6a74da2,2025-03-10T07:06:00,wrong item
039b440d-a07d-45eb-9021-31feec599940,2025-03-16T07:41:00,duplicate charge
0405ab36-3ea5-4919-bbc4-813cfa3cd445,2025-03-10T12:53:00,duplicate charge
f2b42046-cc35-4ab9-a6a5-caf480879ccf,2025-03-17T15:55:00,wrong item
75828892-f464-48ed-9f95-6928700616f3,2025-03-09T17:25:00,duplicate charge
e4e31ba9-6fa8-44d3-b668-86bcb3646061,2025-03-12T08:20:00,duplicate charge
89b53b83-8146-4333-b2ec-c57742a93ac2,2025-03-13T13:50:00,wrong item
a9d681ae-d173-4ecd-b8b6-02af732c5081,2025-03-17T07:44:00,wrong item
50c1bb37-b681-4d37-958d-660a18125a31,2025-03-15T07:47:00,wrong item
44531452-efeb-4faf-8221-ca3e1933d94d,2025-03-18T08:59:00,quality complaint
01a70162-02da-44d4-8237-1033ab9f3c5a,2025-03-15T07:58:00,quality complaint
77770acc-2dd5-4ab3-9aa0-9f2e8f4f6cf8,2025-03-18T12:06:00,late delivery
a9081821-6b8f-4b33-937d-27b6fb8b1778,2025-03-15T15:57:00,wrong item
274f7c2d-cc29-4f0d-bbde-7480d3eff259,2025-03-16T11:32:00,quality complaint
54eb959f-6ba9-44dd-8381-3bdd87f716af,2025-03-18T08:39:00,wrong item
05836bcb-29f6-434a-881e-e950d7059124,2025-03-15T09:32:00,quality complaint
cb6b3671-b0e5-44a4-9cbd-f186e8d65cef,2025-03-16T10:33:00,quality complaint
96782e7a-bb98-48c7-b88a-453e171d3d1d,2025-03-14T10:42:00,duplicate charge
e7c5c269-3888-4477-82a8-2e81e30bbbde,2025-03-19T12:46:00,wrong item
082bbc0d-dc0f-455a-bfe9-0877c0325d8a,2025-03-22T07:30:00,late delivery
9cc32302-01d7-48b3-9953-b24df92acc08,2025-03-15T13:24:00,duplicate charge
f94ed7c4-3380-4e31-90e2-c3bf6d7dacce,2025-03-17T08:22:00,late delivery
c7c3f70f-99dc-46c2-b966-1ce604117786,2025-03-22T10:29:00,quality complaint
5d34ba93-0819-4f6d-ba45-8ccc627c4d33,2025-03-24T11:42:00,quality complaint
4e931769-9a48-4631-aaa4-855580e5264a,2025-03-23T07:55:00,wrong item
e4e69d01-349d-4e4d-a665-fdb822f535ff,2025-03-22T07:14:00,wrong item
05c81bd6-2194-4b97-ba19-db041418b548,2025-03-18T10:11:00,wrong item
c7791118-d3fb-4020-945b-a8bc00f2946a,2025-03-21T18:15:00,quality complaint
4cd33bf8-6d96-4abd-b763-f4ba6e069e3d,2025-03-17T18:15:00,late delivery
ee47f81e-c6c9-4637-8f9f-5495329adc6c,2025-03-21T11:54:00,duplicate charge
47684727-0ce4-48a5-a490-4dbc0520c9e9,2025-03-22T08:41:00,late delivery
a27b7cf3-f3b9-440f-8775-4f2c612c17b8,2025-03-24T08:00:00,wrong item
a07b4226-de01-4cb3-9789-7920b097cf07,2025-03-21T13:51:00,quality complaint
38997b81-2515-472a-b6bf-bf5b696ce2e0,2025-03-21T12:00:00,quality complaint
8d841adb-3368-4a78-9661-8ce7cf4c9dbc,2025-03-20T07:50:00,late delivery
83b34838-559a-44a4-ad89-78caca528b25,2025-03-17T12:00:00,quality complaint
4a2b9ec3-8e86-4955-818c-783182faa7ae,2025-03-17T07:53:00,quality complaint
b01c4df4-4988-4ade-a071-23d997909906,2025-03-19T08:01:00,late delivery
901c3c67-1831-4e25-935d-4785382c65f7,2025-03-18T07:57:00,duplicate charge
5ea2b6c8-8b3a-425e-b3b6-00e87daed5cc,2025-03-18T15:13:00,late delivery
f4874424-6c08-4a52-bb26-5f39fdc3f021,2025-03-21T08:42:00,duplicate charge
c3e0a0e2-e930-47c9-936c-959cbc20a778,2025-03-23T07:38:00,late delivery
2aba66ad-3109-494f-8d50-84dfb410a429,2025-03-19T14:23:00,quality complaint
25a48d89-10b2-4217-89de-91aa8468a84f,2025-03-23T14:48:00,wrong item
c8bbdcca-ad8d-4d46-bf4e-bd7792497fc5,2025-03-26T10:43:00,late delivery
b0e0117a-d38a-4eb9-b56f-9e4f2624840f,2025-03-23T13:12:00,duplicate charge
2482a421-1878-4284-8964-06ca0a134341,2025-03-18T08:23:00,duplicate charge
d66de909-8cf4-464b-94e3-239f96ae00ec,2025-03-20T12:05:00,quality complaint
28665efc-eac0-4b85-a3e8-7b0955371f71,2025-03-20T12:07:00,late delivery
30779b0a-8384-4f22-b660-c396f0d9629b,2025-03-28T09:14:00,wrong item
c7845d3f-99c8-4eb2-aa4c-99fe55ae9ed7,2025-03-20T13:21:00,quality complaint
8e5fd08e-9f11-4dd5-9e86-b2838d2d0199,2025-03-22T11:01:00,late delivery
347fd3ee-0311-4c91-a74c-c3a5a7cff486,2025-03-26T07:52:00,duplicate charge
64d257f9-e28c-43f2-9ff1-3dd172e8a18e,2025-03-28T14:29:00,quality complaint
5dab812b-926a-44c9-a696-3c08cbfe8e31,2025-03-25T07:50:00,late delivery
23a4c998-e6a5-4993-bdad-4ff02779914a,2025-03-28T11:52:00,wrong item
3e5880eb-f389-4e3c-95dc-c86e0980fbc1,2025-03-28T07:49:00,late delivery
00c26289-2366-4419-bf08-3f283e63a0ee,2025-03-27T08:00:00,quality complaint
813e8985-28b6-4bb5-9aa5-cb0c6a42e536,2025-03-25T12:55:00,wrong item
1d285ef4-b069-419b-8783-f42990636088,2025-03-23T13:30:00,quality complaint
43b37fca-83e4-44b2-9b5a-c6cbb1a3ef48,2025-04-01T10:21:00,wrong item
ee7b9319-76ec-45d3-a875-177acbeade32,2025-03-25T12:54:00,quality complaint
cfaaedf4-de6c-4521-a26b-c9897ac1929e,2025-03-28T16:45:00,quality complaint
91e2d3fb-fe3b-4779-abc7-dffc0b2e5839,2025-03-25T13:28:00,quality complaint
daa7ca11-069e-4008-873b-8741cc378861,2025-03-31T08:02:00,duplicate charge
b6a1ba66-e2ef-400c-b772-896d76395f3d,2025-03-29T13:36:00,duplicate charge
598e219b-2408-4f40-9277-d0de31af9d44,2025-03-25T08:46:00,wrong item
f6cabc2e-6170-4f94-9780-c9edcc549269,2025-04-02T13:53:00,duplicate charge
6847328c-a262-4abd-bee0-d316af7a2719,2025-04-02T14:34:00,wrong item
ad085047-9456-4b4b-8724-e719ac9a24f8,2025-03-29T11:32:00,wrong item
9f6e433d-c645-4ab7-aa20-1583b451222d,2025-04-02T17:06:00,duplicate charge
1e879e6a-6e32-4566-b3b4-ca245df4768e,2025-04-02T12:32:00,late delivery
f9f7e2e5-b0de-4445-9858-cf12f3bbaaff,2025-03-26T09:30:00,quality complaint
f0747acb-84f6-49ad-bf72-b0a0199e07be,2025-04-04T12:22:00,late delivery
52369fc4-cda9-4f40-a14f-abbc4454dbca,2025-04-01T07:41:00,quality complaint
8ec8ca2a-c985-47e8-bf3e-94378180853f,2025-04-01T14:09:00,duplicate charge
6a4569bd-8028-4d2a-87d3-96f85a6edb0c,2025-03-30T11:52:00,quality complaint
fcd25833-eb87-402a-829f-392f7588d7d2,2025-04-04T08:42:00,duplicate charge
304578e4-b62b-41cc-9751-01f0810ea337,2025-04-05T17:10:00,wrong item
9bb2945b-9b48-4a96-8031-247b0aeae725,2025-04-04T16:13:00,duplicate charge
169c397c-19ae-4e8d-a321-478ff8322865,2025-04-03T15:53:00,wrong item
42c2322a-3a6c-47fa-b4c0-e0f2b7fdc53a,2025-04-08T07:00:00,wrong item
5577e406-d1a7-4ac5-9798-c28b45a13b11,2025-04-07T07:59:00,wrong item
f6410a1b-edf9-4aee-b650-da3781074170,2025-04-09T16:04:00,late delivery
07abc33e-1ec8-4fc8-b699-dd4eca9d3b70,2025-04-04T07:57:00,quality complaint
f9b31192-5cd7-4edb-82bc-0f9514a45136,2025-04-05T07:59:00,wrong item
cad3a8c3-3b56-42c3-b8cd-ddb77d6eac69,2025-04-09T08:06:00,late delivery
45003976-153b-451c-99c2-12152b59b346,2025-04-09T07:50:00,duplicate charge
12e2b827-6ab0-4e63-b969-c71437c74f9f,2025-04-03T16:04:00,duplicate charge
1d5e5f5e-ecde-4660-b14a-68bac45bc7a4,2025-04-03T13:44:00,wrong item
6f017e88-824d-40ed-8ed5-6a28925d4424,2025-04-10T08:05:00,duplicate charge
5101f940-16f6-4197-8d75-6ae97ec04b08,2025-04-11T13:44:00,wrong item
c4659ce1-18b9-4d2d-8cfe-9464e3814672,2025-04-09T13:55:00,quality complaint
13d4d8e4-a882-4b71-8d5a-f96a722c146b,2025-04-07T07:59:00,wrong item
7b67f1fb-0ce9-4820-8f50-cadf2aa501bc,2025-04-09T09:29:00,quality complaint
aa9c2cba-5598-4a03-b3c5-0cfee41519c8,2025-04-05T11:52:00,late delivery
d2276a32-323b-429e-8f6b-0c43e6b24828,2025-04-06T16:12:00,wrong item
7afa10ca-5725-4463-a527-d95559fbbc7e,2025-04-05T08:29:00,wrong item
6863a469-eb94-4bd0-a5b6-7536c790779f,2025-04-04T16:57:00,wrong item
92bd7f7d-6a96-41a4-9bde-abd019e12f6f,2025-04-14T07:31:00,quality complaint
ef9b776d-eaf8-467f-9db3-7f56db7a99d6,2025-04-14T19:46:00,duplicate charge
6fe181a8-0336-4a38-95af-12a3b3a9d168,2025-04-11T08:59:00,late delivery
897c307c-7cd5-49f4-bd8c-734dedeac964,2025-04-14T08:15:00,quality complaint
a85dac9d-5df7-4c37-8fa2-3d4457a210be,2025-04-12T12:03:00,late delivery
32187c9c-6236-4a50-b0f8-eb46ac3867ff,2025-04-13T07:55:00,duplicate charge
f3096593-3642-47b0-9458-c8e8ac0a86a2,2025-04-16T11:55:00,late delivery
02cafe41-af9f-47a9-8f9a-179f0dad10f8,2025-04-09T07:58:00,wrong item
e93a3fa7-bf8b-4154-a439-fb7a3ca68174,2025-04-16T13:47:00,late delivery
909cdb76-7691-418a-936e-8f20a9bfc32d,2025-04-10T08:34:00,late delivery
cf78dc23-b4ef-4a59-95ff-8352145ac68d,2025-04-13T11:00:00,quality complaint
9aadbd22-3ead-4542-a7f5-eea3c1a258d7,2025-04-12T11:40:00,late delivery
13278c5b-9d22-47f0-8c9c-7b5e9a294177,2025-04-15T16:47:00,wrong item
27ec122f-381f-4d66-9606-743ab1e875a8,2025-04-19T17:09:00,wrong item
bd540de2-eca6-413c-96d9-d60b4cecd77c,2025-04-19T13:26:00,late delivery
96c9fe44-8e1d-4d26-9e9e-1f80d09b68b5,2025-04-18T12:47:00,wrong item
9d031cc4-d5ba-46b5-85d9-0b10f6fbaaaf,2025-04-21T08:00:00,duplicate charge
17aedbc9-415d-481b-b0da-c0ace2803712,2025-04-14T07:49:00,duplicate charge
48ad1fae-e631-4b40-a7e6-dd653ff1c9f8,2025-04-19T07:34:00,late delivery
d23a3cd8-6399-4f5f-a215-d91257ad74f1,2025-04-18T14:50:00,duplicate charge
3f6d2de8-e163-4fe0-9aa3-3515ce82588f,2025-04-23T07:10:00,wrong item
631a7da6-c687-48d3-ac86-5670b79ff7fb,2025-04-21T09:23:00,duplicate charge
501392cf-25b8-4014-aa4c-458b7c534ed5,2025-04-15T07:23:00,wrong item
8382fd1a-1d6c-4894-bd79-7f6fcca870c3,2025-04-15T18:15:00,quality complaint
3e9082eb-c24e-4cbc-b542-102969b92f2e,2025-04-20T10:43:00,quality complaint
4b65aab8-8c9e-4948-8603-294338e32d3e,2025-04-18T07:37:00,duplicate charge
d93dd26d-624c-4dc8-a66f-2479dbaeac58,2025-04-15T08:33:00,duplicate charge
34e96fd4-c844-459d-9488-50a6b1b27ad4,2025-04-22T07:16:00,late delivery
02dbd4dd-d5ef-4ad9-86ca-c386ec581d23,2025-04-23T12:02:00,quality complaint
353f9d22-2a6c-47de-af6e-8aba41fa6c80,2025-04-18T08:05:00,wrong item
27e26a06-012c-493e-a7d8-26aade5ddc11,2025-04-24T18:47:00,duplicate charge
4653ce4e-971c-44f8-bb7d-1c182d1fdc0c,2025-04-22T10:22:00,wrong item
edbbfe24-9d2f-49ec-a13c-575b86b4e82f,2025-04-19T08:38:00,duplicate charge
c4b21336-c8ea-4d8d-859f-585d123a6a1e,2025-04-26T10:35:00,late delivery
9130c81f-b7b4-47ee-8f2a-4fe2959a135d,2025-04-26T08:03:00,wrong item
feab8cf3-ee77-49ec-8659-95e3bfda18e2,2025-04-19T12:10:00,wrong item
92761387-6e72-4c40-a4f2-3c0e1a5a218c,2025-04-18T09:15:00,duplicate charge
a6bb422f-cf3c-434b-9f8a-7372f9c79947,2025-04-19T11:52:00,late delivery
849eaabb-91d5-4dad-bd3f-7b4e348e4137,2025-04-24T15:45:00,late delivery
24d525f2-5568-4694-8a3b-98cce15610b7,2025-04-21T12:28:00,quality complaint
2f562c15-54cb-43d9-9a2b-9308c911f5dc,2025-04-23T07:32:00,duplicate charge
39badafe-6504-4f6d-b22e-653ed6dcf860,2025-04-26T08:12:00,wrong item
a4160c88-0694-4bb5-82de-54a56aaa4096,2025-04-29T08:06:00,late delivery
3455bd54-0b1d-4390-8618-0b84b289b208,2025-04-24T08:34:00,wrong item
8a781fa9-0294-42b5-a4fa-fc908de9adbe,2025-04-27T12:57:00,late delivery
1bc1df5c-8ead-4815-8073-fa8060939842,2025-04-21T19:02:00,duplicate charge
a0ab9cd4-74c5-4519-ada9-62c503a4a829,2025-04-22T12:07:00,late delivery
6b73fb49-ceeb-4789-92f7-b8264d1ffe67,2025-04-20T14:18:00,duplicate charge
60462177-5dc2-4a5d-b1bc-0a749a29354d,2025-04-23T10:49:00,quality complaint
7331c9a9-2904-4f19-b8ae-b167aff587ad,2025-04-29T07:47:00,duplicate charge
98c3807c-3878-4738-bf60-8ae22e30b612,2025-04-28T08:55:00,late delivery
883815c4-d286-419b-ae28-9708d632e246,2025-04-21T11:54:00,late delivery
299d975f-d633-40f5-941e-7f38d0b6bc48,2025-04-28T15:32:00,wrong item
440114e5-04a3-4d0e-ab5a-d4f43ce07dc1,2025-05-01T12:32:00,late delivery
5ca002cb-9ec5-46e9-a03c-ada38f19fc0e,2025-05-03T13:45:00,quality complaint
df8f5470-9564-4c49-a8bb-522cf8979eb3,2025-04-29T13:21:00,duplicate charge
b299158a-7f4e-4248-8334-8bad92c47b2b,2025-04-27T11:05:00,duplicate charge
c93be849-7d31-43b3-a899-e461cce7e68b,2025-05-03T13:48:00,wrong item
64e96899-6070-4145-b1d6-c30df5853017,2025-04-25T08:00:00,late delivery
fcb15f9e-869f-4813-94a5-798d336cad96,2025-05-03T08:49:00,wrong item
842de68c-2af7-4ba4-898f-c58e57a92619,2025-04-26T07:43:00,duplicate charge
3029cd76-3052-444b-af4b-dafbd98ac130,2025-05-04T13:25:00,wrong item
0497d70c-df33-461b-a973-4b118ed7e761,2025-05-03T16:33:00,duplicate charge
4abf897f-d734-445a-a2c7-d616e9fb6563,2025-05-02T11:01:00,wrong item
19df56fb-d10d-433b-bd10-e62756bdf608,2025-04-30T08:25:00,wrong item
4152aa70-8169-40ad-8138-75ddb2e58842,2025-04-29T07:00:00,wrong item
d7b37cd3-386f-4a26-acca-dc102ac42b8b,2025-04-28T12:45:00,duplicate charge
86d744f5-8ef3-43a6-a662-b6f7d05a0401,2025-05-03T16:37:00,duplicate charge
37d6aa7e-a3af-4223-a099-44c496616ba5,2025-04-28T09:46:00,quality complaint
dc65d27b-0d6f-4b9e-b2aa-846ef2cecc83,2025-04-28T14:44:00,wrong item
5fdab8a7-6149-4ac0-9c93-7b82de773f10,2025-05-01T07:56:00,quality complaint
6cd339fb-b27b-40f5-83fa-03a3818a937c,2025-04-28T07:47:00,quality complaint
9b6f69c9-dfd7-487c-a789-fae72229d524,2025-05-02T19:30:00,wrong item
2cf28fa7-2b26-4ec1-8170-ba159bb02583,2025-05-05T07:59:00,quality complaint
f597786f-53bb-4ac7-b737-5109f1fde56a,2025-05-01T15:09:00,wrong item
de0d1526-292a-442f-8929-41108b6db426,2025-04-27T13:01:00,late delivery
03b7c136-195d-46f2-861b-1c5b76b368cc,2025-05-06T07:56:00,late delivery
48923390-8614-41f5-a4a0-9fe7b0abc8c0,2025-05-03T08:21:00,wrong item
e47b4a16-dfd4-46b5-b520-1a4e36b25dd6,2025-05-05T08:18:00,late delivery
d9db69b3-8b60-4db2-80c0-e1a7e91662a3,2025-05-01T18:27:00,duplicate charge
b23ad451-4dab-49e6-b5c8-0d0b892c4a34,2025-05-03T16:14:00,quality complaint
92febab4-a187-4868-9193-68c6e623d5fb,2025-04-30T17:30:00,wrong item
4e6282e6-0f3b-4d99-90ab-9d6764549c2b,2025-05-02T07:45:00,duplicate charge
1bcbcd0c-4ae4-4586-8afc-0e62e7a20d8a,2025-04-29T14:21:00,wrong item
243307d0-c79e-4fdc-ba5a-ab619db37376,2025-05-08T15:07:00,quality complaint
1b01223a-410e-45ed-a7c6-d3a4d1ac8a5d,2025-04-29T11:40:00,duplicate charge
f882c863-83bc-4b4c-bc67-1b70aada2098,2025-05-05T07:57:00,duplicate charge
ca9165ab-0741-4298-b63f-125e74d38121,2025-05-03T07:55:00,wrong item
b9a4836a-9a93-426b-9fb1-ba3b69723d7c,2025-05-06T11:32:00,wrong item
7da6ec92-9018-45a7-a2b1-977b42424d35,2025-05-01T11:39:00,quality complaint
602625d3-7cc4-4486-9cc3-6f4c40436ac0,2025-05-10T11:19:00,late delivery
cfd46ad6-a7c8-42a5-b666-2fd9ba22754f,2025-05-09T08:29:00,quality complaint
ae274bf8-dc19-41d3-a1bb-6e3c9de55e05,2025-05-07T13:19:00,wrong item
ca8aa08d-c4a3-48f3-9bb8-1e2916953b5c,2025-05-06T13:13:00,wrong item
d626a8b8-bb97-4600-86d1-d4bc4d6b714d,2025-05-05T10:19:00,wrong item
ff38b5c4-a066-4b27-aa68-db1526b11508,2025-05-04T15:34:00,wrong item
381a8292-7678-4357-ba65-ff19255e1476,2025-05-04T07:38:00,wrong item
d7f31b72-8364-4a59-a3aa-2198173cab9d,2025-05-10T07:31:00,duplicate charge
4433f65e-1a5d-4f27-8040-a370b33945a4,2025-05-13T13:36:00,duplicate charge
715938dd-6e7c-4179-afdc-5474b8d9daca,2025-05-05T14:25:00,quality complaint
6a1bbeaa-40de-4a41-b4d9-39045faaa06d,2025-05-09T08:13:00,late delivery
16f5d3f5-0dc2-4c5b-81db-b5f39c3ce01a,2025-05-06T08:51:00,duplicate charge
8eaa2af9-5102-4ff8-aadc-c404038b4b29,2025-05-14T15:43:00,duplicate charge
f25a267f-d862-42cb-b4b7-1aef38fea3c2,2025-05-07T17:58:00,wrong item
04d2bae8-afdd-46a7-8379-36f221ffe664,2025-05-12T11:54:00,quality complaint
36c5af87-b629-4caf-8f5c-33fb7ff019c1,2025-05-16T12:34:00,late delivery
4c332c6e-1ffb-4a82-bdff-2bb5c0575940,2025-05-08T12:52:00,late delivery
0eed39db-eddc-44e1-931e-12e1f3ec4c60,2025-05-12T08:29:00,wrong item
be50d9d8-5d10-4309-8a41-fce9913afdc7,2025-05-16T10:44:00,wrong item
c00002a7-f67f-46bb-ab8c-a6b7a464f547,2025-05-13T08:19:00,quality complaint
b9bc7366-b93e-4fe3-9a7f-cb76ac0a7241,2025-05-18T14:30:00,quality complaint
21f6c5a4-f26a-42b9-840d-f01f734ddb60,2025-05-14T15:54:00,duplicate charge
7059f5b1-4d21-42b6-9570-8410b72f1b5a,2025-05-14T16:54:00,duplicate charge
88e802cc-f9cd-44d2-af90-5b1d8e013182,2025-05-09T07:08:00,quality complaint
8f13f64d-c447-4f8b-8d69-d25b966012d5,2025-05-15T15:50:00,wrong item
eaaa2bcf-cdbf-4d9c-971c-3dab7f57d37c,2025-05-13T13:28:00,late delivery
f83ef374-7349-43d1-8eca-32803776ae3c,2025-05-18T07:17:00,duplicate charge
a084458c-2fe1-44a3-b967-75d423117672,2025-05-11T16:34:00,quality complaint
f00898b5-28b2-411b-9696-3963b666a388,2025-05-12T17:40:00,late delivery
d43c211a-375b-4843-89a2-f41d07e05a63,2025-05-12T11:18:00,duplicate charge
c7401a7b-38bf-415e-9c36-71882b81a1ca,2025-05-18T16:14:00,late delivery
c561acd7-259b-466a-917a-ee1278e8f966,2025-05-16T08:19:00,quality complaint
138112bd-5afb-49a8-b9c3-b4fcbf266664,2025-05-13T12:48:00,wrong item
7f026882-36c2-40ac-aa84-52093c78ed10,2025-05-18T14:48:00,quality complaint
80e98c28-894f-4279-bf20-30aeae4d5054,2025-05-19T15:21:00,late delivery
0a0ecb4f-fcd5-42cc-9710-e281b143f26a,2025-05-14T08:31:00,duplicate charge
30a05f77-d747-4cf9-b50f-585df18a1ea5,2025-05-19T14:48:00,wrong item
398eac36-5235-49f3-b9dc-4c5fb16dfe1e,2025-05-14T16:12:00,quality complaint
37b20297-f03f-4249-b71e-838a468875d7,2025-05-20T16:26:00,duplicate charge
be8fa5a9-1036-4a32-a59b-1a3b7a07580a,2025-05-21T08:00:00,wrong item
69859294-3edb-4da7-9227-ddbbff4c6abc,2025-05-23T13:05:00,quality complaint
0d2a4c42-b27a-4ee6-a57d-8338943c3cd6,2025-05-25T18:26:00,duplicate charge
5fcae5f7-51cb-445c-9830-fc4d19b3f67b,2025-05-16T11:03:00,late delivery
6a13b3b6-03e1-4268-8649-c41a4e905dea,2025-05-17T12:19:00,late delivery
065b1a42-250f-410f-89ce-a8856c7ed134,2025-05-24T15:04:00,wrong item
23d7536c-80be-4034-8735-00724bf93fb6,2025-05-18T07:43:00,quality complaint
9128565d-e91d-440f-862a-445b5670d894,2025-05-22T07:54:00,duplicate charge
8116f0ba-101a-416b-ba69-8d296fb16a5b,2025-05-20T15:31:00,late delivery
a13fede9-7cab-4037-9afd-c84cedfc1954,2025-05-22T17:20:00,wrong item
fc260248-a40b-4595-8469-aaf67c15ebb2,2025-05-19T16:55:00,quality complaint
b3650fbd-568f-4661-957f-915366870189,2025-05-19T12:43:00,duplicate charge
ce326bd5-7a5e-43b9-a42e-6458b9d0ce02,2025-05-19T15:49:00,quality complaint
30501a5a-e67f-49c8-ad81-76b9539c26aa,2025-05-19T07:09:00,quality complaint
cbfd1df0-88dd-4967-9dcb-e22ed0cbd293,2025-05-20T11:07:00,quality complaint
b731aa87-365a-46ee-8a28-730d4572733d,2025-05-25T08:32:00,late delivery
236fd197-960e-4c34-80ac-715f53db6533,2025-05-20T17:55:00,quality complaint
de832745-c96c-4433-8f98-a0017082b560,2025-05-25T15:58:00,late delivery
3a28ef7c-b4a5-440b-854a-2f345ba8dab3,2025-05-23T13:23:00,quality complaint
fed862bd-822e-42d9-b4b7-276813103ddd,2025-05-26T09:29:00,late delivery
f49cd4f8-631a-44b8-9de5-2448f77b762b,2025-05-27T09:24:00,late delivery
e1bfd19f-c14d-49b8-9708-0568768bda01,2025-05-22T07:02:00,late delivery
4808ada4-b870-45c9-bcd7-2d8f638b889d,2025-05-29T07:34:00,quality complaint
39db6e19-a2e7-452c-8144-d58fffc7405a,2025-05-21T11:28:00,quality complaint
d93653c5-eaef-4b29-92c5-3e0dd817cb6a,2025-05-25T07:52:00,late delivery
7946140d-ac99-4a05-9ead-b8d2c34e1d31,2025-05-30T11:49:00,late delivery
9df8c472-cc60-45fd-b651-b459e9c074ed,2025-05-24T13:45:00,duplicate charge
a8b84974-da7b-4c53-a4bd-3ba0565f6c03,2025-05-29T12:58:00,quality complaint
d74c5918-792e-4254-9d4c-b82189e3c602,2025-05-26T17:01:00,wrong item
f77e8c52-9f31-442f-b638-b6a37a5e3037,2025-05-26T07:56:00,duplicate charge
05857449-005f-47fe-91ea-d8e47c680343,2025-05-25T11:33:00,quality complaint
a2028134-dd43-46cd-982d-8b1d999c2ed1,2025-05-25T07:44:00,quality complaint
2e5e979c-e308-46e2-af6a-f7586d5e704a,2025-05-30T14:31:00,wrong item
e72204b9-ebca-43e3-9569-1df06ce113bb,2025-05-27T08:21:00,late delivery
197a192c-9e80-4dd4-bf91-01d52aba21df,2025-05-29T12:33:00,quality complaint
156d5549-1d07-4824-b6c7-680057273ea4,2025-05-31T07:40:00,wrong item
97c3b78d-9504-499b-aa31-269f79dbb0ef,2025-05-30T11:57:00,wrong item
052586f6-7b51-47f2-8a88-9ea3bced32db,2025-05-30T10:52:00,late delivery
1428b77d-419c-48c1-8eec-6fa7d768f309,2025-05-31T07:44:00,duplicate charge
949cedc2-1237-49d4-9703-78b9d29ba538,2025-05-27T08:01:00,wrong item
85b3636b-170f-4d65-9d88-697520eb6683,2025-06-02T07:33:00,late delivery
322a345d-810f-4e52-8c3a-ca9be83dfefa,2025-05-27T15:31:00,quality complaint
d80a6c4d-7271-4546-8b92-ed80ee9e2067,2025-05-29T15:20:00,late delivery
3d14d826-ee4b-4ae4-b871-94d02156faeb,2025-05-30T08:08:00,wrong item
0156e194-a726-4e8f-b0da-3ba5ed5083e4,2025-06-01T15:45:00,quality complaint
5e0ae8b4-abe2-4a66-808c-b737c6f9d065,2025-05-31T11:47:00,late delivery
6fc3c26b-aa83-4b15-aa24-8a759ca8afd8,2025-05-31T08:08:00,late delivery
7805c8cc-e396-4953-9288-35e332bea42a,2025-05-31T07:37:00,late delivery
f02db923-b32e-4f72-af5d-4d86f9b3631a,2025-05-30T07:11:00,wrong item
50a78207-2117-4f1a-a4b3-26e4e7a7553f,2025-06-01T11:12:00,late delivery
103ea636-c8ef-447d-8ca4-30b41e7e0f73,2025-06-03T13:18:00,late delivery
10fdb28b-387b-4342-9665-147631e7f142,2025-05-31T07:52:00,duplicate charge
77372394-27e8-4a26-9da4-bff1ac7f93bb,2025-05-31T09:07:00,quality complaint
0b922883-c26e-42b9-b363-372a260ccd8f,2025-06-05T09:23:00,quality complaint
a27a29d9-3215-4190-9813-ca347d9c359e,2025-06-01T12:52:00,quality complaint
84bec112-8a51-49b8-af72-fac6eaa4b2c7,2025-05-31T07:43:00,duplicate charge
af11212f-afb6-4dd0-8f4d-d4e0648181f7,2025-06-05T08:24:00,late delivery
f1741888-8dc7-4169-a2a4-928b76c4c58a,2025-06-02T11:30:00,late delivery
51753f2d-a2ae-4e9a-ad2b-a96ada02b0bb,2025-06-05T13:51:00,wrong item
90983d29-2f1f-4f18-91ad-a37f27fdd50b,2025-06-08T16:50:00,wrong item
83d5e867-d84a-4335-b617-aafc89eafe07,2025-05-30T07:51:00,late delivery
33a452fb-03ee-43e9-80be-21b8c4644aa8,2025-06-01T07:23:00,late delivery
cc75e63d-0c57-421e-8fee-e16dbb05f12a,2025-05-31T11:50:00,quality complaint
82a75f24-2a3b-4ea4-a4fe-ede94e0de833,2025-06-03T15:15:00,duplicate charge
386cce0b-31f0-4c11-b65e-7ca27cb8e726,2025-06-01T08:01:00,quality complaint
1ffd08ae-764c-4e82-88ee-a7e6ab9eaf4f,2025-06-06T13:26:00,wrong item
ca8b6ad8-1ce2-4c17-bce9-2e2eab91b446,2025-06-03T07:00:00,duplicate charge
c0d983da-4677-4adb-80b0-c2dea8894f0e,2025-06-01T12:54:00,wrong item
5e8a2bcf-1e10-46fd-9ec2-871ef38e7e81,2025-06-07T17:09:00,wrong item
af9326e1-26db-431f-b073-8ba0ce091922,2025-06-02T07:55:00,duplicate charge
3b1499a7-1cb8-47d1-a817-0b47c71292bb,2025-06-08T15:19:00,wrong item
074ce0df-a702-4be7-b542-ed077a27f4d2,2025-06-01T10:23:00,duplicate charge
082e7266-92cb-4c9a-aef3-54c32363f0e3,2025-06-04T07:45:00,wrong item
1141b292-c9a1-4ee1-8f4f-c3d915b58257,2025-06-06T14:06:00,duplicate charge
abb31a55-5471-4893-b1ea-89ad7681dfc3,2025-06-07T08:13:00,wrong item
bfc1087a-1c9c-4f27-bc34-b2123141022e,2025-06-06T07:29:00,late delivery
956d71be-6b00-4734-a288-bc7017fca927,2025-06-05T13:01:00,late delivery
cabd4052-13b6-480a-b137-c18ffe0ab5d6,2025-06-05T07:29:00,quality complaint
56166c14-a7f5-49bf-9ba2-a380f406ba1c,2025-06-09T16:02:00,wrong item
2e0dc24e-a228-4684-8590-39213d122db3,2025-06-05T13:36:00,quality complaint
c1e7b082-ac8a-44fa-88a2-4e6500d1b77c,2025-06-09T16:11:00,wrong item
a7df5f95-3014-4cbd-90b3-af8493da98c3,2025-06-08T11:46:00,quality complaint
63e97799-97ee-4745-b06a-53668f072d65,2025-06-12T10:08:00,wrong item
75e81cfa-2044-4c7c-8ab5-57a96287adde,2025-06-13T13:51:00,wrong item
4a552ca4-d4e8-4f01-b9e8-da21a7858497,2025-06-14T10:55:00,quality complaint
fb37c3a6-b253-4d35-b11b-9c7ab2171cd5,2025-06-07T15:17:00,late delivery
22a676c8-cb84-4a02-ae12-bc239143b3ee,2025-06-09T12:20:00,quality complaint
1534828a-bd8e-46fa-acd6-02644e5ce7d4,2025-06-11T15:13:00,quality complaint
50151273-f5c1-4f32-ba3c-ff9b62ddb9e7,2025-06-16T14:31:00,late delivery
9ff0c3f7-be78-46d2-8a1d-ade67b155321,2025-06-13T07:52:00,quality complaint
18da6ba1-1ee6-4a8e-af73-09cf79288114,2025-06-08T07:24:00,wrong item
ece61b0e-6e93-439c-8a58-f75b23fbaeb5,2025-06-12T16:15:00,duplicate charge
8248e0cd-95d6-418c-b428-d39497df0507,2025-06-08T08:06:00,duplicate charge
add16e58-6635-4dbf-824f-97c7cfdb500c,2025-06-09T11:45:00,quality complaint
02673c64-647f-4937-9b24-b354b75abc6d,2025-06-17T07:47:00,quality complaint
7c08c9fd-f345-4bb1-969e-4da922c2906d,2025-06-08T08:01:00,duplicate charge
f74d3acd-c43e-4e0b-b30c-a1626310ca22,2025-06-15T08:01:00,quality complaint
96955787-3538-4631-954f-e24f62580b0e,2025-06-09T15:43:00,duplicate charge
cca1eee9-0ce3-40e5-9feb-c563b48a869c,2025-06-17T07:00:00,late delivery
46f446e3-b9ff-4dd1-97e7-bf4270872cc3,2025-06-17T17:53:00,quality complaint
63fd59bf-b930-405c-a910-196c8cf0178b,2025-06-10T14:19:00,duplicate charge
5e37b331-70f0-4b68-adbc-059f05263129,2025-06-10T07:15:00,quality complaint
9d65b42b-df3c-4b20-99bb-948b22219c30,2025-06-14T08:07:00,quality complaint
896bece7-4377-40e2-a761-4d2fb0284862,2025-06-17T08:01:00,late delivery
a1f1eca1-8ef8-4986-afea-bd569b22216e,2025-06-12T18:21:00,wrong item
72b7982a-b4a6-4bdf-a6f5-79211b78a1a2,2025-06-16T13:49:00,quality complaint
78d67658-56f5-4950-b9d3-188639b8a1d0,2025-06-18T11:40:00,duplicate charge
8dcfb372-2cb1-4bf1-9ff4-a72c59bbc506,2025-06-19T11:55:00,late delivery
2b4cd442-7636-4800-93cc-241b5d188da7,2025-06-16T13:16:00,quality complaint
4048ddd1-a80d-4b4a-82af-927fd2bd9605,2025-06-16T09:50:00,quality complaint
4b98bc51-0396-4010-999e-e6ac9b7d83f9,2025-06-20T08:40:00,quality complaint
b7f4660a-3ff1-49b0-93aa-56366981d7da,2025-06-21T07:34:00,wrong item
ae51928b-190b-4094-b3a6-682e9c5ec20b,2025-06-22T17:08:00,quality complaint
3c4a03ff-805a-4c86-ab0e-d7991d464167,2025-06-14T16:31:00,quality complaint
c8652824-9a1b-4926-a266-25f326f5b9e9,2025-06-18T14:28:00,quality complaint
efd86e15-ceec-46e9-bb25-5f09ed0c476a,2025-06-15T15:36:00,wrong item
5c7c1598-206d-4e1a-9517-b94739bc27ba,2025-06-19T08:08:00,wrong item
40eeafb0-9a59-4407-8096-25111bd11461,2025-06-16T07:44:00,wrong item
a87527d3-1ae8-412b-ad8b-1187bbb8432a,2025-06-20T15:49:00,quality complaint
b98e0f2e-8984-4633-8cad-aa5763687cd2,2025-06-22T14:44:00,wrong item
6b808ebf-c293-46fb-acb4-f60095f249b0,2025-06-22T12:28:00,wrong item
9c5b4cc8-c228-47e3-a1e3-ee8dd5fcfb4f,2025-06-14T16:14:00,late delivery
fc807288-3b6e-417a-b85e-8b23a99f46d6,2025-06-20T12:37:00,wrong item
daa3a024-77ac-4414-8bb4-969e8c4ce768,2025-06-23T16:27:00,quality complaint
c09d22f0-9fd9-472f-ac60-9b1a6ac13c48,2025-06-23T08:16:00,wrong item
7e3a1605-e326-4cea-99e8-5953446b236d,2025-06-17T18:01:00,wrong item
95a4b992-5d9a-4a30-98b8-ded779729714,2025-06-20T15:39:00,wrong item
4ddc4757-f99f-4b26-a1f4-d8515bf40b02,2025-06-20T15:36:00,quality complaint
0e6643c2-2b69-4f88-8d39-ceabb5e45338,2025-06-16T12:28:00,late delivery
5a03fb43-150a-4c9c-930c-92003fe29f2b,2025-06-21T08:19:00,duplicate charge
0ad7a639-eebf-4b3e-8162-4fcf5a146d3e,2025-06-24T11:46:00,quality complaint
4dceee21-b0ea-4ca7-97f5-cd1b5977c4ff,2025-06-24T15:38:00,duplicate charge
519aaf53-f94f-41eb-a062-046bec2106f1,2025-06-19T07:15:00,late delivery
df23202f-3904-4496-8dba-211f8095c328,2025-06-24T10:50:00,quality complaint
d1ffbb37-754a-4068-bef6-3b30f5b36e57,2025-06-22T12:49:00,quality complaint
105b4a58-b9e6-4f09-967c-8ffe7f9d54de,2025-06-18T14:59:00,late delivery
21e5a68f-9522-47ce-a120-7e45b9925c90,2025-06-19T12:00:00,wrong item
bd65458a-82de-44c0-85c3-c3314a4c1dbe,2025-06-23T18:42:00,duplicate charge
869bace9-ec49-4872-ada6-caddd061185b,2025-06-25T13:05:00,late delivery
78b299c1-c4ce-4529-b8d5-00abb2ef1870,2025-06-22T14:36:00,duplicate charge
111c9df8-e668-4f02-b980-b42f6234356c,2025-06-22T10:04:00,duplicate charge
c52db028-9d6b-49e5-b9d2-a0fa43d63e4c,2025-06-23T12:23:00,duplicate charge
df75ce88-01a9-49a0-b15a-2fb44e77d663,2025-06-25T11:56:00,quality complaint
084a52cc-5fb4-4d68-9875-4a05b2bb7b4e,2025-06-19T13:26:00,late delivery
ce0898c4-5cec-4b90-8a35-23aba71f6097,2025-06-28T12:57:00,wrong item
b8151952-64be-4d0e-ac2f-3a5c6ce4569a,2025-06-25T18:06:00,late delivery
a502e36f-448f-4f2c-8a4b-302166641ca8,2025-06-25T07:46:00,duplicate charge
27661195-1934-4e80-b683-d4aa2951d9a4,2025-06-22T13:03:00,wrong item
695b3b2b-58b0-4e6e-98e6-a51784520926,2025-06-22T18:48:00,late delivery
b378a40b-ddec-4b20-8152-6e00f4473eea,2025-06-24T08:31:00,duplicate charge
4cae9ceb-4d3a-434d-97a6-0ddbac88ccf5,2025-06-23T18:32:00,late delivery
80ffbfcc-1300-42f1-ba8c-2accbb42a2b5,2025-06-23T12:15:00,wrong item
eb894e72-ec06-4399-8242-80dd076bca70,2025-06-22T15:03:00,duplicate charge
b7661a55-f411-471d-99db-3e9ff6365cf3,2025-06-28T10:19:00,duplicate charge
ef7e2a70-7c19-40be-8b3d-99080b87730f,2025-06-30T13:13:00,duplicate charge
b98da3fa-de17-478c-9b8f-c927a0ca9b52,2025-06-30T08:39:00,quality complaint
96a56387-03f1-4a99-83b8-8ff295d997d0,2025-06-29T09:33:00,late delivery
79d9c879-5efe-41e9-bc3e-ec6527119b12,2025-06-23T07:33:00,late delivery
cb7cc40a-2c13-436b-b2d9-7e0cff05bf2d,2025-06-27T12:00:00,late delivery
3332fadd-86ee-4b0d-b8f9-c9a3a9beaafd,2025-06-29T08:03:00,quality complaint
782f99f5-a772-4ed8-8e6b-b3ef8e846cfb,2025-06-23T15:56:00,quality complaint
4bce7cb5-5f15-4494-9eaa-7081a731b1ea,2025-06-27T09:13:00,quality complaint
f2c95574-8b4e-448c-a568-0f1ce26cbeed,2025-07-01T14:01:00,duplicate charge
5320114c-99a1-446c-9ebc-1f67a57f843d,2025-06-24T16:25:00,late delivery
990378bb-1c84-4403-9f72-72a3eac0321f,2025-07-01T07:38:00,wrong item
cfa980c9-7337-43a0-8d94-d0b90521eea3,2025-06-26T08:39:00,duplicate charge
4ac64cc7-c830-4741-9651-dd2b0ba650dc,2025-06-28T07:47:00,wrong item
9874b9c5-5508-49a0-ad2a-2ff26024f68f,2025-07-02T07:33:00,late delivery
2ce8e5a8-428c-498a-b4b0-b764fc521a01,2025-06-26T12:09:00,wrong item
dddd2645-feea-4d8a-9281-04ff75c3bf2f,2025-06-30T08:00:00,quality complaint
4b5f57be-c6a3-44b2-993a-e0a939111071,2025-07-01T07:05:00,wrong item
39c403d9-55e1-4663-9069-366ffbadb8b0,2025-07-02T08:53:00,late delivery
e80b1c6d-df47-4472-ba07-5a51fb8e1250,2025-06-30T07:25:00,quality complaint
e55f7a73-49cc-44ab-b06b-60c27bfd278e,2025-07-03T17:47:00,late delivery
e17ff151-7af5-4bc2-8f7f-56116001f534,2025-06-27T08:13:00,duplicate charge
47928801-2dae-46c9-a805-d53be6ac6851,2025-06-28T13:09:00,quality complaint
9ab4a256-7aa7-4a86-83c1-4e0d31eba9fe,2025-06-28T09:00:00,duplicate charge
227ebb42-298d-4259-b4dc-d2d8b5b9771b,2025-07-05T07:27:00,duplicate charge
b16bca12-c5cc-461a-a597-24f8171598ee,2025-07-02T07:45:00,late delivery
6808bcb2-4fdb-4cd7-8f5a-736a014eddc3,2025-06-30T12:27:00,late delivery
7925efbc-f4ba-4607-9521-ee2b44f35dab,2025-07-06T09:31:00,quality complaint
fb4e6d3c-f12b-43e8-afd3-f960df197626,2025-06-30T07:37:00,quality complaint
6025603c-7a04-493e-9835-73a7192f2550,2025-06-28T10:34:00,duplicate charge
9c24d00e-fbc9-4a2e-80fc-cbf4e1d84f23,2025-07-05T08:24:00,wrong item
a9da88e1-5864-4c8f-a0cc-9f600ca13085,2025-07-02T19:50:00,wrong item
f40c6627-68c4-4f26-93b0-419cdbc5985c,2025-07-02T07:53:00,wrong item
4fb0b92d-d300-42ff-a13d-533e502efe53,2025-07-02T13:00:00,duplicate charge
2d3c03e9-56e2-402e-b7fd-67c667762ccb,2025-07-04T14:20:00,late delivery
dcdded58-d786-45c7-b7f7-4f9fe1364635,2025-07-07T07:38:00,quality complaint
210ef60e-a6b7-45c6-a197-c5ac2b8ccf3c,2025-07-04T08:25:00,quality complaint
75a68277-31b5-4c2c-a74b-2d4e28bbb3ff,2025-07-08T15:38:00,late delivery
07d17f4d-45df-40a5-a148-3ffeb126da43,2025-07-08T13:40:00,wrong item
7bdbbf66-7119-4b70-a866-435e4f2dc366,2025-07-02T17:37:00,late delivery
7901c921-d97b-433e-ae82-61966670563d,2025-07-03T08:35:00,late delivery
3e8e7f8c-59af-4459-a335-9d5916cc378f,2025-07-01T09:15:00,duplicate charge
d5626cc9-107b-4064-8fd8-bbd6cf608e22,2025-07-09T12:10:00,wrong item
5804d412-39b1-4a11-8c85-a9cec0b59d1f,2025-07-04T07:25:00,wrong item
7fc38a52-22fe-49ab-b38d-363b345767e2,2025-07-10T08:36:00,late delivery
9b17f586-5b92-44ef-a46d-e566e4aa194a,2025-07-01T07:53:00,quality complaint
6c267797-b7f9-4da9-b852-2b1111c7e650,2025-07-06T15:31:00,quality complaint
3cf94175-c967-41eb-9e98-bd763273dbb3,2025-07-01T10:23:00,late delivery
9bf8b139-0a98-42bc-b747-03ca213d5ab3,2025-07-09T09:04:00,late delivery
61336334-f8c8-448c-9f26-acf7cad2f961,2025-07-09T12:44:00,quality complaint
d489ba30-be01-41c9-bcbd-fb42e45ecbc2,2025-07-08T13:25:00,duplicate charge
f8e3f0c3-a0b5-42c3-842a-9068a64d45c7,2025-07-02T12:50:00,duplicate charge
47b00355-2162-4356-8931-941dd6da050c,2025-07-04T08:19:00,quality complaint
d790c7b5-f41f-438f-979d-80929eaf356b,2025-07-04T07:58:00,duplicate charge
5b052605-c6fb-4e22-b3d8-91c18b561d26,2025-07-12T09:34:00,wrong item
68937187-9b80-4c6f-b479-f8718dacbaf7,2025-07-08T08:00:00,late delivery
9040807d-d79f-479c-ab67-d2d6de679111,2025-07-13T16:53:00,duplicate charge
be1ecd8d-6244-49f7-a323-5778dd832b39,2025-07-13T11:55:00,late delivery
32a9ef32-b551-4a39-a0c5-1e08f642307c,2025-07-07T15:26:00,quality complaint
7967fcc8-c2a1-4f7b-a96f-2176b9b27271,2025-07-10T13:54:00,quality complaint
b02cf8f5-4c6f-4bea-9b99-8d0ad1240dc9,2025-07-12T16:59:00,quality complaint
6fab0e25-bbb8-4d6b-94e2-fbed7c16667b,2025-07-09T13:12:00,late delivery
1ac37c4e-cc68-4662-8013-51c4600caf3d,2025-07-09T09:00:00,late delivery
148342db-674b-400c-afff-e6d7f1d99cd2,2025-07-15T19:40:00,duplicate charge
6290e3dd-048c-4b2a-9e21-c8ef28c2bde1,2025-07-08T13:31:00,late delivery
566c63bb-9bdf-4a24-836f-6197a9b228e7,2025-07-07T07:11:00,duplicate charge
090d26d5-7863-4616-9d03-02e25da63892,2025-07-13T11:37:00,late delivery
04bca27f-8e19-47c1-9c7d-7d68a3714bb7,2025-07-13T13:12:00,wrong item
cd177101-1ebd-4fdc-a039-415951ba2dca,2025-07-12T07:39:00,duplicate charge
f021174e-ca21-4a1f-9523-851a74acc6ef,2025-07-14T13:18:00,late delivery
68bd7f72-92ed-40cf-87ca-22a46fab49fa,2025-07-14T08:21:00,quality complaint
d4a08530-cf07-43e9-8c87-37f5e476042f,2025-07-08T07:49:00,late delivery
2bd5c950-a408-438c-a347-ec2ab5a71395,2025-07-11T14:12:00,wrong item
8760b028-ee45-49bc-b847-0f4de48eb36d,2025-07-16T16:20:00,quality complaint
83d46300-00e9-497e-aaa9-ddb2f3f47ef2,2025-07-13T08:16:00,duplicate charge
fdc6fae2-a6f3-45b3-99e7-b2bcbf8c0f0f,2025-07-17T08:03:00,duplicate charge
30be31cd-6155-4d06-9ea8-1c7686596537,2025-07-13T08:00:00,late delivery
cc51a89b-c5c4-411c-aa2b-5139ac2246d9,2025-07-12T12:04:00,quality complaint
d3aee739-b446-40e7-96f4-688e5a28c37d,2025-07-18T07:49:00,duplicate charge
90d277dc-d65a-450e-8ad3-c94997b2e4ec,2025-07-14T07:21:00,wrong item
b2fa5028-147c-4846-b8d1-70caee0eb22a,2025-07-17T10:29:00,duplicate charge
383001ee-3e1b-42f5-bbf3-d41851db7553,2025-07-13T07:58:00,duplicate charge
7f8ab25d-a2b2-48b3-916c-33b7dded509b,2025-07-16T09:27:00,quality complaint
07a62ebc-354f-44fd-80fa-3bbfc1c4e054,2025-07-13T10:34:00,duplicate charge
565696c1-87d5-4916-b923-c2899943a204,2025-07-22T07:05:00,late delivery
48787f7b-627c-4e01-8881-83555a1e3ff9,2025-07-23T14:29:00,late delivery
773bb8cc-8268-4ab8-8bf4-d2e6c31460ef,2025-07-21T08:55:00,quality complaint
43508042-1f61-4941-b6ff-da350460203d,2025-07-19T07:32:00,duplicate charge
94e676e3-bfc4-4190-97a3-192880f052c6,2025-07-16T07:26:00,duplicate charge
c726f7e3-28b7-4232-8bd4-08b4aa16fa76,2025-07-16T13:30:00,quality complaint
b47fb90f-a54f-46b1-94a8-e3ed39af967d,2025-07-16T08:00:00,wrong item
7f2b5ee6-12ed-49d4-9065-50f9962b2a2f,2025-07-24T07:44:00,wrong item
52cbbe1f-e8c7-46c9-975f-938eff7cec8b,2025-07-22T15:18:00,quality complaint
5a3b722d-03c7-4821-9431-36c0bf5fa0cc,2025-07-16T07:53:00,wrong item
dfaba058-62fa-4172-9ac5-a9cb06d4a8bb,2025-07-21T08:20:00,duplicate charge
254caa59-f6f0-4270-876b-6e532befcade,2025-07-17T08:34:00,duplicate charge
978ae55d-7a41-42e8-8f56-dda970ae96db,2025-07-17T10:50:00,late delivery
235cae2e-2e52-482b-9688-9ab0742233d2,2025-07-18T10:11:00,wrong item
528d513b-f055-4639-98ff-0552d03a0c94,2025-07-17T12:46:00,late delivery
889c3935-585d-4447-8c37-158e5784e777,2025-07-26T11:17:00,wrong item
19a39a09-90d1-437d-b0b1-f6e7008ce571,2025-07-21T12:00:00,duplicate charge
6ca7692e-88cf-4a67-b970-e52b46c59b1a,2025-07-18T08:04:00,duplicate charge
a5ca57f7-7c58-4529-a19d-bb4829085e95,2025-07-19T08:02:00,wrong item
5479ce51-b058-4af1-b5fe-45f4c4ec57ac,2025-07-21T12:38:00,duplicate charge
70de9298-cfb1-40bd-a329-3a4bae7d8988,2025-07-22T08:18:00,wrong item
269f60dc-bb04-494b-a73a-a1934cd17a13,2025-07-22T10:36:00,wrong item
a9f581ce-54ad-4420-b414-d11004c9c3fb,2025-07-21T14:00:00,wrong item
0758fd45-e568-42e0-9daf-e23c1b220a4e,2025-07-22T08:06:00,duplicate charge
3ec31bb8-02a5-4c93-9bb9-ef814762601d,2025-07-22T08:34:00,late delivery
1290190c-6acf-4ded-b8ca-d375262346a5,2025-07-21T12:28:00,duplicate charge
5f1a1a86-ff75-4f5c-ab6f-3bfc0de63662,2025-07-26T07:36:00,duplicate charge
ee83557a-fab4-4142-bf68-c119d3230c43,2025-07-27T08:21:00,quality complaint
e0901484-88b7-4e4b-b9f2-86749cce2b15,2025-07-27T08:12:00,duplicate charge
6aab0017-8df1-48c0-b2aa-820c17876959,2025-07-20T07:26:00,wrong item
5d2b0e40-4f75-4d7b-bdfe-107dc7252a43,2025-07-28T07:50:00,wrong item
bca202e8-54ea-422e-8fe5-fd4be6f1313b,2025-07-28T11:53:00,quality complaint
dec94404-f672-42b6-9d19-0a883b6133ae,2025-07-27T08:45:00,wrong item
24cb3960-ebe6-426a-8739-3fd3b23d58a6,2025-07-25T11:37:00,quality complaint
73b3391c-4a6b-45da-a2ad-6f11b2f87be8,2025-07-23T08:30:00,late delivery
80429c21-00ab-4fb8-a371-b3b8b7de9040,2025-07-28T08:10:00,late delivery
49436bf1-c66f-4806-b29b-bc0c35564c46,2025-07-29T15:08:00,late delivery
7bb32ab1-1456-472e-b329-825f967363c1,2025-07-30T08:55:00,wrong item
9d0fc7e8-fe0f-4fa6-80bc-bb186e8102cd,2025-07-24T07:23:00,quality complaint
70e98269-e1b0-4a6c-b5ed-7929f8dff0b6,2025-07-22T08:41:00,quality complaint
98a86db5-caa0-43c7-9e48-6785a97460ba,2025-07-26T08:07:00,quality complaint
8ac170f6-0549-458c-ab47-f26a2020a3b3,2025-07-27T07:00:00,duplicate charge
f44ec056-c0fb-4156-abfd-a3806569d3fc,2025-07-26T07:00:00,quality complaint
7d7f606f-1065-4189-9e59-d3dc64785f92,2025-07-24T08:58:00,late delivery
0377f402-1aee-4d30-be71-d5d592bdd065,2025-07-26T13:43:00,duplicate charge
e41de131-c3e5-42de-abbd-172ffdba8d89,2025-07-27T12:17:00,wrong item
e977472f-11fd-4f58-991a-c1672e29fe8f,2025-07-30T07:46:00,wrong item
3b047eb1-e9fd-4efa-8e75-4ec68792df2c,2025-07-31T12:32:00,quality complaint
9e292e51-cff7-4382-b270-1b649ad02cc0,2025-08-02T17:06:00,duplicate charge
641f3dea-f309-46ab-9ca6-14b406d56a0d,2025-08-03T07:15:00,duplicate charge
0f33faf3-f1f2-48fd-8977-609a2f8ec133,2025-07-29T16:53:00,duplicate charge
72dd80e8-89bb-419c-b385-d147d920b80f,2025-07-31T09:19:00,quality complaint
b980b180-19a8-4147-9420-97d20131fdba,2025-08-02T12:54:00,wrong item
0502b966-8b42-49b9-a793-e05e8733ef2d,2025-08-02T07:22:00,late delivery
d26c2c0d-5022-4b34-b0df-526cea31df4f,2025-07-28T07:30:00,late delivery
efa08c31-3cd6-4d63-9d1f-9c1086aa9f36,2025-07-28T08:00:00,late delivery
1c484acd-7970-47f5-a3a0-e4992c3700cc,2025-08-02T08:40:00,wrong item
237c51cd-95a5-497c-a124-868e40f525a0,2025-08-04T07:50:00,late delivery
ea2a2ad6-cb98-4d7f-8b1b-26c0c0c83081,2025-07-28T08:00:00,quality complaint
f2270ffd-900e-4ab1-a162-ab822e3a9606,2025-07-28T07:50:00,duplicate charge
5bf4b4f0-1a69-41b7-86a8-63ba78725430,2025-07-27T07:23:00,wrong item
4a40514b-e50c-4ebf-9f15-dbfb57f5010c,2025-07-28T13:31:00,quality complaint
295b9dee-8304-4596-9bb3-c622097b38e6,2025-07-30T11:59:00,wrong item
01c546ea-7130-41a0-9d27-82981363a4ac,2025-08-03T08:28:00,late delivery
28543b64-6517-482f-bf98-897d89d61dc9,2025-08-03T07:07:00,wrong item
dab52c98-cc68-44d9-84bf-65a3e56f5d2b,2025-07-28T07:46:00,wrong item
c51f9ae4-01e8-4665-a722-8943a658784b,2025-08-06T09:56:00,duplicate charge
72234f45-1995-480f-8d1d-141ed9ac2dda,2025-08-05T07:21:00,quality complaint
96f86cb7-b8a3-4327-a6c9-436b3f524359,2025-08-07T08:20:00,wrong item
9eeeb6cd-2bf8-4ce3-8c64-44b65d6435e4,2025-08-07T07:00:00,quality complaint
de40f604-60f6-4fcf-871e-7627519ec50a,2025-08-02T09:02:00,wrong item
692083c9-d776-4678-b321-074d204056cc,2025-07-29T07:54:00,quality complaint
d6d907b0-6078-4b68-8530-a1dfbe5743c8,2025-08-05T16:42:00,duplicate charge
769062e2-db83-4618-95c4-0967f9f51ad1,2025-08-06T13:54:00,late delivery
521c122f-0d10-428f-a704-93904dd13fa3,2025-08-03T17:12:00,quality complaint
72badaa2-ed2c-4163-a398-33608d46ff6c,2025-08-09T14:54:00,duplicate charge
d429b4a2-1ce1-4131-aa1e-28e37ca63a92,2025-08-04T07:29:00,late delivery
4073452d-3dca-45b6-adee-16b676cc9e90,2025-08-01T14:26:00,quality complaint
3ca37fb5-b157-40ed-aa9c-c8263d946d7c,2025-08-08T07:25:00,wrong item
8c64aaa2-60a9-4078-a79d-ead147f81ff4,2025-08-04T07:54:00,quality complaint
ea453910-0daf-4403-8707-c89ce2261697,2025-08-02T12:06:00,wrong item
df401551-beb1-447b-bb97-66577215aff0,2025-08-06T14:11:00,quality complaint
0ee40dbb-9afc-4eeb-8c59-d131e7aecad7,2025-08-10T08:09:00,late delivery
4ce777e1-79e7-4ff1-8b9c-275b4075c5b2,2025-08-08T08:04:00,late delivery
75a4b279-180f-4571-b6c2-73f1039e0e70,2025-08-12T13:29:00,late delivery
65016c56-2f12-48ee-9bba-4befdff4f45e,2025-08-05T07:33:00,duplicate charge
2db081e4-075d-42de-8636-59f35ce421c9,2025-08-03T07:23:00,wrong item
12583043-cce0-4010-ab2c-3e77a3a4fe85,2025-08-05T13:16:00,late delivery
aea2f7b3-b4bb-4e5e-ad66-63ddc98aa4f2,2025-08-07T07:43:00,wrong item
ae3f5d03-1ba3-4cf7-874b-328b60b79a3b,2025-08-09T07:36:00,duplicate charge
91cb4742-8d31-4714-9333-4a509a5cad82,2025-08-05T08:33:00,wrong item
f2660893-d8dc-47b5-ac51-d5f7d2a6f832,2025-08-06T15:15:00,quality complaint
8ab9dd86-6915-48c8-a1cd-9322979b8f69,2025-08-07T07:56:00,wrong item
46070778-312e-4e55-b372-f99bb052b77b,2025-08-08T07:27:00,late delivery
990d577d-5a51-43d4-a6a4-cba5828757e2,2025-08-07T08:05:00,late delivery
d3d7c63e-1e33-4c1f-82b4-25ce48f50b52,2025-08-09T07:13:00,duplicate charge
f009f1b3-b654-4dd7-82b7-c76637622ac4,2025-08-08T13:05:00,quality complaint
391dac0d-081e-4b86-9eaf-cdfde440cfc5,2025-08-08T15:25:00,quality complaint
21cb2263-4d88-4899-86e5-ecf127a29c04,2025-08-11T11:11:00,wrong item
ab865c23-174e-423e-b4db-10d8a52d7a19,2025-08-12T08:05:00,duplicate charge
b1f100e8-916b-49fb-8410-f85cbc9c7999,2025-08-13T07:33:00,wrong item
65232fb8-f201-4beb-95b1-c53e3fb617e3,2025-08-08T13:30:00,late delivery
ee2c5772-c133-4c8c-ae98-860cf5db83c9,2025-08-12T11:15:00,duplicate charge
3987d964-54fd-4565-a246-30e9e2c76889,2025-08-15T10:37:00,wrong item
4b811a00-5c2b-4c2d-8e26-24cc82863c8b,2025-08-08T07:31:00,duplicate charge
ac7f99c5-ad49-404d-83d1-18663c30e489,2025-08-09T14:16:00,late delivery
e7856cff-64f2-4c8a-b3cf-3ce1076f538e,2025-08-12T10:54:00,quality complaint
51d25951-3091-4bc1-9ca9-bee0582cc282,2025-08-13T08:25:00,wrong item
7c152ebc-7e24-41e8-8a15-80febbcc7353,2025-08-08T07:13:00,quality complaint
4008b5dd-5c43-4ff7-890e-5462f0ba0696,2025-08-18T07:00:00,late delivery
63120cb0-45a7-4d45-b643-266ecce0e621,2025-08-15T11:54:00,quality complaint
614f8955-0b3b-44c8-9af4-aadc85afc661,2025-08-17T14:58:00,wrong item
b9a30c0e-a3a1-4825-bc61-8f8572f7c640,2025-08-14T08:20:00,quality complaint
e9b13c22-d008-4702-8e37-4fb8a63c8e80,2025-08-18T07:28:00,duplicate charge
edc0621c-6c2f-4f12-a1af-baa7e50c1e72,2025-08-16T15:52:00,quality complaint
210237e6-3e41-406a-bf30-70a05dcf91e3,2025-08-19T11:48:00,duplicate charge
6169a140-3729-4928-ab94-9bd360d111a7,2025-08-14T08:34:00,wrong item
fb5fb72c-acfe-4d85-a10b-fe6a79b8ad90,2025-08-16T14:24:00,quality complaint
105f2bcd-f59e-4c0e-8ef3-ec65b9bbac89,2025-08-14T10:52:00,wrong item
ddaef4b5-9af4-49db-8b91-74cbf7380249,2025-08-14T07:49:00,quality complaint
cb100748-8911-46d1-a3cf-a221433dafd0,2025-08-16T08:04:00,wrong item
d203269e-5bd5-4046-a3ac-63b085dc47f8,2025-08-12T07:19:00,wrong item
cae015ff-2c0d-4696-9183-562c95850b6f,2025-08-17T07:28:00,duplicate charge
1d602725-7f63-4ebc-934f-0993cfacbf9f,2025-08-15T09:07:00,late delivery
793c2705-261f-4ffa-9d5d-792564a36521,2025-08-16T18:20:00,late delivery
9b2650ca-6258-45a1-9885-8e22e2d5a997,2025-08-18T14:13:00,wrong item
2c74dc8b-d17b-4798-a59e-a2f8ed11ff46,2025-08-15T08:53:00,quality complaint
34dc9fcf-9e17-4983-a45f-3316e28912f8,2025-08-19T07:45:00,quality complaint
63b40bc7-5845-4ea6-af9c-8844e2e4e5f8,2025-08-12T12:11:00,duplicate charge
c7d4b5b8-d42c-43f2-8076-5b125ef6cde2,2025-08-18T14:41:00,late delivery
1abdec51-f2d2-4265-a3c1-b61063507630,2025-08-19T13:21:00,duplicate charge
28c193c1-7892-4a0f-bdbf-40b52e407255,2025-08-23T11:13:00,duplicate charge
6c850529-cbf3-4cee-b1be-feb644b17f62,2025-08-20T08:12:00,duplicate charge
d2bd497d-a178-4434-9b9f-627b46f689c3,2025-08-22T07:00:00,duplicate charge
372c65af-6c22-4abf-9e66-3c528eea78ac,2025-08-19T07:40:00,quality complaint
4ac71ce9-89ac-4649-9331-0e4410ece502,2025-08-16T11:49:00,duplicate charge
940ef524-e0a8-4e63-b533-2e537cc999a7,2025-08-20T14:34:00,late delivery
ca66e1f7-a369-4cb7-9803-5ed56f7223e7,2025-08-22T08:41:00,wrong item
f5223787-f5c7-4a64-b03c-340086f06d67,2025-08-19T12:22:00,late delivery
b3ebb6eb-213c-4146-aae6-7f68f697ab72,2025-08-25T08:17:00,quality complaint
07bcda07-3708-4c4c-a2c2-b8219ed43d59,2025-08-25T13:25:00,wrong item
4a03edfa-50b7-4f5a-bfd2-1cadca2c95c7,2025-08-24T08:01:00,wrong item
81ff6698-97bf-492a-afc3-544da07a1b54,2025-08-19T07:57:00,late delivery
d4da66f5-6173-47d2-a9f6-b52c99c31a42,2025-08-24T07:59:00,duplicate charge
bbe3f353-9890-47bc-b7a0-cde118ac1619,2025-08-20T08:01:00,late delivery
8a773d33-2707-4df1-9188-cbd212a8109b,2025-08-20T07:39:00,duplicate charge
284616bb-f6b9-4bf9-ba7a-55cb5d5b68b2,2025-08-19T08:18:00,wrong item
6e1da875-5279-4145-98d1-da87e31a377f,2025-08-21T08:11:00,wrong item
e6c11684-5f2d-4bfc-8a58-ed433b074bee,2025-08-21T08:46:00,late delivery
f54cbe6e-2175-4b4b-8139-5538e3382ff1,2025-08-24T08:11:00,quality complaint
6433f81c-db33-4d79-8c53-51ec51c4c49e,2025-08-27T08:28:00,late delivery
249065eb-7d78-4e9b-b7fa-739405713800,2025-08-21T07:08:00,wrong item
61efaff5-7220-46a6-b936-6aeb2a3d15ba,2025-08-20T11:55:00,quality complaint
baf298ea-084f-422e-9477-d1cb4dbbe309,2025-08-23T07:02:00,late delivery
5dd2908c-b079-4e1b-89bd-b375b764bf11,2025-08-29T18:36:00,quality complaint
f834f1e1-3516-4a90-b215-b503b8c77346,2025-08-23T08:03:00,wrong item
907057bb-aa92-4006-9e03-eb7bfe66a914,2025-08-24T13:10:00,late delivery
96c67023-66ab-49c1-8571-15694397d19e,2025-08-26T08:48:00,duplicate charge
9e7fcb93-6299-41a9-b1bb-4f671bb0f48f,2025-08-26T07:18:00,late delivery
6f617403-7083-41ca-a168-a9c1f20148c3,2025-08-26T08:00:00,quality complaint
2ff6f1d5-493d-4522-b80b-9eefc84beb11,2025-08-30T07:55:00,duplicate charge
292310ab-cc5f-487b-b4d7-62f0c33af6e9,2025-08-25T18:26:00,quality complaint
7f0f62a6-ae5b-406a-b99f-93deb5736f44,2025-08-23T17:40:00,late delivery
643f9c11-4763-4a7a-932c-5c384c305d54,2025-08-26T08:11:00,quality complaint
f18816ab-baa4-4307-b5f1-abf6242a714c,2025-08-30T16:23:00,quality complaint
5f744cc6-52d4-4c4d-84fd-cdff4ce7c6f5,2025-09-02T12:03:00,wrong item
4d598a19-c482-4f02-ba0f-5bb0f866ea81,2025-08-24T11:21:00,late delivery
15d01158-e903-4d79-946d-13c234b10f00,2025-08-27T07:37:00,late delivery
978feeab-7ad2-45c4-901f-34701f2727dd,2025-08-29T08:25:00,late delivery
5d789454-0def-4ab7-b672-6bdae436741a,2025-09-01T10:08:00,late delivery
cddad235-45ec-4c47-9649-eb47576f38c2,2025-08-29T07:46:00,late delivery
2e169811-e558-4717-991b-1aa58fab98fc,2025-08-29T11:05:00,wrong item
5c10f69f-f93c-423e-b1da-4cf2cc9ab6ec,2025-08-27T07:30:00,quality complaint
41661119-3996-4a63-90e8-5931e5293bd3,2025-08-26T17:17:00,late delivery
13e9455a-8784-4635-8490-1e57dab66ab2,2025-08-26T15:49:00,quality complaint
d5411043-44b2-428d-9e26-c7ed91ae2e76,2025-08-26T08:02:00,duplicate charge
65c48af0-1aa9-44aa-b15d-8a34cff211b0,2025-08-25T08:51:00,wrong item
4c6b200e-934a-408e-be9d-720cbc60739f,2025-09-03T07:47:00,duplicate charge
aea2bb9f-c660-4308-8d42-1ee9022774c3,2025-08-26T17:33:00,wrong item
5a02c161-0224-4c0d-9d84-62a5e2a638d8,2025-08-29T07:50:00,duplicate charge
3f3de144-48e0-401c-a2f4-a2262f2c4ea1,2025-09-02T09:44:00,wrong item
5bb51213-c202-4ef2-9550-2dabd149cba5,2025-08-26T15:42:00,quality complaint
ecbac954-5d02-4b8e-ba40-b149d8d1667e,2025-08-31T15:24:00,duplicate charge
f1117090-5054-4012-9f1a-0f5ce6201d6d,2025-09-03T09:41:00,duplicate charge
b67ffb42-60a0-4fc8-970a-605dfc9befe9,2025-09-04T11:17:00,late delivery
d880c940-f1d8-467e-9781-c83c81d355db,2025-08-28T10:39:00,wrong item
385efa34-3316-4fc7-b351-0747dc95ff5c,2025-08-29T14:18:00,wrong item
76471c78-9c47-4395-bbc5-a3e8be5861b1,2025-09-05T12:38:00,late delivery
015dd017-af71-4f0e-86a6-483c3c06132d,2025-08-31T08:23:00,wrong item
27443f0e-02e7-4be6-a6f7-166bd0e34032,2025-09-06T07:38:00,quality complaint
35777d34-beae-40fb-8bc2-4a5410a03cdd,2025-09-04T07:12:00,wrong item
4d0d309b-8580-4306-8eb9-827ed0c9da18,2025-09-03T11:59:00,duplicate charge
55441666-7988-455c-a307-c6ac74f562cb,2025-09-04T17:21:00,duplicate charge
415383ae-e57c-443c-9744-f543d669c9a4,2025-09-05T07:51:00,wrong item
302a9eff-26c0-48f7-98e4-4c58ba7c0591,2025-09-01T07:56:00,duplicate charge
548d5c28-0647-4e47-ac4f-b3adbb00fd82,2025-09-08T08:00:00,duplicate charge
baee7e3f-d460-4e43-8e0f-fc6a0d07e528,2025-09-04T08:23:00,late delivery
11953e78-3187-4788-9fc0-93b8395f22fd,2025-09-06T16:42:00,wrong item
db358ac1-e839-4edf-9635-b334a2e5f7a5,2025-09-02T10:39:00,late delivery
7603c7d7-dc6b-41f1-aa53-303419cade87,2025-09-05T07:08:00,late delivery
9e198683-12cb-43fa-ae38-466ce4919eae,2025-09-05T17:16:00,wrong item
08b412f5-34cc-40d1-a689-7c7ef27c0ed9,2025-09-06T07:25:00,quality complaint
fb842ca6-9610-48d1-998e-976a35482926,2025-09-01T10:35:00,wrong item
479ec619-c79a-449c-b6e9-e1bc9b10d211,2025-09-05T08:00:00,late delivery
ab674fa2-c099-43d4-a9d6-bc3e10af987d,2025-09-08T12:12:00,late delivery
7d116520-de44-410f-9dec-0d3929199721,2025-09-10T14:11:00,quality complaint
a2d2ec10-0846-47d3-a23b-1068110d7edc,2025-09-10T07:20:00,late delivery
a4e5f440-fe62-4634-a43a-284c2482057c,2025-09-09T14:58:00,wrong item
eb07d1f5-817f-40a0-98e5-b6146983e905,2025-09-03T13:46:00,late delivery
a3c022af-2543-436b-931f-10cd614ffa26,2025-09-06T07:09:00,quality complaint
